{"v":"5.7.5","fr":30,"ip":0,"op":61,"w":360,"h":640,"nm":"ICS DSC","ddd":0,"assets":[],"fonts":{"list":[{"fName":"Montserrat-SemiBold","fFamily":"Montserrat","fStyle":"SemiBold","ascent":74.1989135742188},{"fName":"Montserrat-Medium","fFamily":"Montserrat","fStyle":"Medium","ascent":74.1989135742188},{"fName":"Montserrat-Regular","fFamily":"Montserrat","fStyle":"Regular","ascent":74.1989135742188}]},"layers":[{"ddd":0,"ind":1,"ty":4,"nm":"Shape Layer 2","td":1,"sr":1,"ks":{"o":{"a":0,"k":100,"ix":11},"r":{"a":0,"k":0,"ix":10},"p":{"a":0,"k":[180,320,0],"ix":2,"l":2},"a":{"a":0,"k":[0,0,0],"ix":1,"l":2},"s":{"a":0,"k":[100,100,100],"ix":6,"l":2}},"ao":0,"shapes":[{"ty":"gr","it":[{"ty":"rc","d":1,"s":{"a":0,"k":[112.5,23],"ix":2},"p":{"a":0,"k":[0,0],"ix":3},"r":{"a":0,"k":0,"ix":4},"nm":"Rectangle Path 1","mn":"ADBE Vector Shape - Rect","hd":false},{"ty":"fl","c":{"a":0,"k":[0,0,0,1],"ix":4},"o":{"a":0,"k":100,"ix":5},"r":1,"bm":0,"nm":"Fill 1","mn":"ADBE Vector Graphic - Fill","hd":false},{"ty":"tr","p":{"a":0,"k":[1.75,254.5],"ix":2},"a":{"a":0,"k":[0,0],"ix":1},"s":{"a":0,"k":[100,79.549],"ix":3},"r":{"a":0,"k":0,"ix":6},"o":{"a":0,"k":100,"ix":7},"sk":{"a":0,"k":0,"ix":4},"sa":{"a":0,"k":0,"ix":5},"nm":"Transform"}],"nm":"Rectangle 1","np":3,"cix":2,"bm":0,"ix":1,"mn":"ADBE Vector Group","hd":false}],"ip":0,"op":150,"st":0,"bm":0},{"ddd":0,"ind":2,"ty":5,"nm":"developed by","tt":1,"sr":1,"ks":{"o":{"a":0,"k":100,"ix":11},"r":{"a":0,"k":0,"ix":10},"p":{"a":1,"k":[{"i":{"x":0.034,"y":1},"o":{"x":0.333,"y":0},"t":35,"s":[179.856,551,0],"to":[0,4.667,0],"ti":[0,-4.667,0]},{"t":51,"s":[179.856,579,0]}],"ix":2,"l":2},"a":{"a":0,"k":[0,0,0],"ix":1,"l":2},"s":{"a":0,"k":[100,100,100],"ix":6,"l":2}},"ao":0,"t":{"d":{"k":[{"s":{"s":14,"f":"Montserrat-Regular","t":"developed by","ca":0,"j":2,"tr":0,"lh":16.8,"ls":0,"fc":[0,0,0]},"t":0}]},"p":{},"m":{"g":1,"a":{"a":0,"k":[0,0],"ix":2}},"a":[]},"ip":0,"op":150,"st":0,"bm":0},{"ddd":0,"ind":3,"ty":4,"nm":"Shape Layer 3","td":1,"sr":1,"ks":{"o":{"a":0,"k":100,"ix":11},"r":{"a":0,"k":0,"ix":10},"p":{"a":0,"k":[180,320,0],"ix":2,"l":2},"a":{"a":0,"k":[0,0,0],"ix":1,"l":2},"s":{"a":0,"k":[100,100,100],"ix":6,"l":2}},"ao":0,"shapes":[{"ty":"gr","it":[{"ty":"rc","d":1,"s":{"a":0,"k":[174.5,43.5],"ix":2},"p":{"a":0,"k":[0,0],"ix":3},"r":{"a":0,"k":0,"ix":4},"nm":"Rectangle Path 1","mn":"ADBE Vector Shape - Rect","hd":false},{"ty":"fl","c":{"a":0,"k":[0,0,0,1],"ix":4},"o":{"a":0,"k":100,"ix":5},"r":1,"bm":0,"nm":"Fill 1","mn":"ADBE Vector Graphic - Fill","hd":false},{"ty":"tr","p":{"a":0,"k":[2.75,288.75],"ix":2},"a":{"a":0,"k":[0,0],"ix":1},"s":{"a":0,"k":[100,100],"ix":3},"r":{"a":0,"k":0,"ix":6},"o":{"a":0,"k":100,"ix":7},"sk":{"a":0,"k":0,"ix":4},"sa":{"a":0,"k":0,"ix":5},"nm":"Transform"}],"nm":"Rectangle 1","np":3,"cix":2,"bm":0,"ix":1,"mn":"ADBE Vector Group","hd":false}],"ip":0,"op":150,"st":0,"bm":0},{"ddd":0,"ind":4,"ty":5,"nm":"dscnitrourkela.org","cl":"org","tt":1,"sr":1,"ks":{"o":{"a":0,"k":100,"ix":11},"r":{"a":0,"k":0,"ix":10},"p":{"a":1,"k":[{"i":{"x":0.034,"y":1},"o":{"x":0.333,"y":0},"t":35,"s":[179.856,675,0],"to":[0,-8.833,0],"ti":[0,8.833,0]},{"t":51,"s":[179.856,622,0]}],"ix":2,"l":2},"a":{"a":0,"k":[0,0,0],"ix":1,"l":2},"s":{"a":0,"k":[100,100,100],"ix":6,"l":2}},"ao":0,"t":{"d":{"k":[{"s":{"s":14,"f":"Montserrat-Medium","t":"dscnitrourkela.org","ca":0,"j":2,"tr":0,"lh":16.8,"ls":0,"fc":[0,0,0]},"t":0}]},"p":{},"m":{"g":1,"a":{"a":0,"k":[0,0],"ix":2}},"a":[]},"ip":0,"op":150,"st":0,"bm":0},{"ddd":0,"ind":5,"ty":4,"nm":"Shape Layer 4","td":1,"sr":1,"ks":{"o":{"a":0,"k":100,"ix":11},"r":{"a":0,"k":0,"ix":10},"p":{"a":0,"k":[180,320,0],"ix":2,"l":2},"a":{"a":0,"k":[0,0,0],"ix":1,"l":2},"s":{"a":0,"k":[100,100,100],"ix":6,"l":2}},"ao":0,"shapes":[{"ty":"gr","it":[{"ty":"rc","d":1,"s":{"a":0,"k":[174.5,43.5],"ix":2},"p":{"a":0,"k":[0,0],"ix":3},"r":{"a":0,"k":0,"ix":4},"nm":"Rectangle Path 1","mn":"ADBE Vector Shape - Rect","hd":false},{"ty":"fl","c":{"a":0,"k":[0,0,0,1],"ix":4},"o":{"a":0,"k":100,"ix":5},"r":1,"bm":0,"nm":"Fill 1","mn":"ADBE Vector Graphic - Fill","hd":false},{"ty":"tr","p":{"a":0,"k":[2.75,288.75],"ix":2},"a":{"a":0,"k":[0,0],"ix":1},"s":{"a":0,"k":[100,100],"ix":3},"r":{"a":0,"k":0,"ix":6},"o":{"a":0,"k":100,"ix":7},"sk":{"a":0,"k":0,"ix":4},"sa":{"a":0,"k":0,"ix":5},"nm":"Transform"}],"nm":"Rectangle 1","np":3,"cix":2,"bm":0,"ix":1,"mn":"ADBE Vector Group","hd":false}],"ip":0,"op":150,"st":0,"bm":0},{"ddd":0,"ind":6,"ty":5,"nm":"DSC NIT Rourkela","tt":1,"sr":1,"ks":{"o":{"a":0,"k":100,"ix":11},"r":{"a":0,"k":0,"ix":10},"p":{"a":1,"k":[{"i":{"x":0,"y":1},"o":{"x":0.333,"y":0},"t":35,"s":[179.856,657,0],"to":[0,-8.833,0],"ti":[0,8.833,0]},{"t":51,"s":[179.856,604,0]}],"ix":2,"l":2},"a":{"a":0,"k":[0,0,0],"ix":1,"l":2},"s":{"a":0,"k":[100,100,100],"ix":6,"l":2}},"ao":0,"t":{"d":{"k":[{"s":{"s":18,"f":"Montserrat-SemiBold","t":"DSC NIT Rourkela","ca":0,"j":2,"tr":0,"lh":21.6,"ls":0,"fc":[0,0,0]},"t":0}]},"p":{},"m":{"g":1,"a":{"a":0,"k":[0,0],"ix":2}},"a":[]},"ip":0,"op":150,"st":0,"bm":0},{"ddd":0,"ind":7,"ty":5,"nm":"ICS","sr":1,"ks":{"o":{"a":0,"k":100,"ix":11},"r":{"a":0,"k":0,"ix":10},"p":{"a":0,"k":[179.646,300,0],"ix":2,"l":2},"a":{"a":0,"k":[1.77,-25.2,0],"ix":1,"l":2},"s":{"a":0,"k":[100,100,100],"ix":6,"l":2}},"ao":0,"hasMask":true,"masksProperties":[{"inv":false,"mode":"n","pt":{"a":0,"k":{"i":[[0,0],[0,0]],"o":[[0,0],[0,0]],"v":[[-51.626,-55.2],[-50.626,3.3]],"c":false},"ix":1},"o":{"a":0,"k":100,"ix":3},"x":{"a":0,"k":0,"ix":4},"nm":"Mask 1"},{"inv":false,"mode":"n","pt":{"a":0,"k":{"i":[[0,0],[12,-31.5],[-7.5,15.5]],"o":[[0,0],[-12,31.5],[7.5,-15.5]],"v":[[7.499,-42.7],[-27.376,-30.7],[7.249,-10.825]],"c":false},"ix":1},"o":{"a":0,"k":100,"ix":3},"x":{"a":0,"k":0,"ix":4},"nm":"Mask 2"},{"inv":false,"mode":"n","pt":{"a":0,"k":{"i":[[0,0],[12,-11],[-5.247,-6.121],[23,14.5]],"o":[[0,0],[-12,11],[9,10.5],[-23,-14.5]],"v":[[60.624,-42.2],[30.124,-41.7],[56.124,-18.7],[22.124,-8.7]],"c":false},"ix":1},"o":{"a":0,"k":100,"ix":3},"x":{"a":0,"k":0,"ix":4},"nm":"Mask 3"}],"ef":[{"ty":22,"nm":"Stroke","np":13,"mn":"ADBE Stroke","ix":1,"en":1,"ef":[{"ty":10,"nm":"Path","mn":"ADBE Stroke-0001","ix":1,"v":{"a":0,"k":1,"ix":1}},{"ty":7,"nm":"All Masks","mn":"ADBE Stroke-0010","ix":2,"v":{"a":0,"k":1,"ix":2}},{"ty":7,"nm":"Stroke Sequentially","mn":"ADBE Stroke-0011","ix":3,"v":{"a":0,"k":1,"ix":3}},{"ty":2,"nm":"Color","mn":"ADBE Stroke-0002","ix":4,"v":{"a":0,"k":[1,1,1,1],"ix":4}},{"ty":0,"nm":"Brush Size","mn":"ADBE Stroke-0003","ix":5,"v":{"a":0,"k":15,"ix":5}},{"ty":0,"nm":"Brush Hardness","mn":"ADBE Stroke-0004","ix":6,"v":{"a":0,"k":0.875,"ix":6}},{"ty":0,"nm":"Opacity","mn":"ADBE Stroke-0005","ix":7,"v":{"a":0,"k":1,"ix":7}},{"ty":0,"nm":"Start","mn":"ADBE Stroke-0008","ix":8,"v":{"a":1,"k":[{"i":{"x":[0.667],"y":[1]},"o":{"x":[0.333],"y":[0]},"t":15,"s":[0]},{"t":45,"s":[100]}],"ix":8}},{"ty":0,"nm":"End","mn":"ADBE Stroke-0009","ix":9,"v":{"a":0,"k":0,"ix":9}},{"ty":7,"nm":"Spacing","mn":"ADBE Stroke-0006","ix":10,"v":{"a":0,"k":15,"ix":10}},{"ty":7,"nm":"Paint Style","mn":"ADBE Stroke-0007","ix":11,"v":{"a":0,"k":3,"ix":11}}]}],"t":{"d":{"k":[{"s":{"s":72,"f":"Montserrat-SemiBold","t":"ICS","ca":0,"j":2,"tr":60,"lh":86.4,"ls":0,"fc":[0,0,0]},"t":0}]},"p":{},"m":{"g":1,"a":{"a":0,"k":[0,0],"ix":2}},"a":[]},"ip":0,"op":150,"st":0,"bm":0},{"ddd":0,"ind":8,"ty":4,"nm":"Shape Layer 1","sr":1,"ks":{"o":{"a":0,"k":100,"ix":11},"r":{"a":0,"k":0,"ix":10},"p":{"a":0,"k":[180,300,0],"ix":2,"l":2},"a":{"a":0,"k":[0,-64,0],"ix":1,"l":2},"s":{"a":0,"k":[100,100,100],"ix":6,"l":2}},"ao":0,"shapes":[{"ty":"gr","it":[{"ind":0,"ty":"sh","ix":1,"ks":{"a":0,"k":{"i":[[66.274,0],[0,-66.274],[-66.274,0],[0,66.274]],"o":[[-66.274,0],[0,66.274],[66.274,0],[0,-66.274]],"v":[[0,-120],[-120,0],[0,120],[120,0]],"c":true},"ix":2},"nm":"Path 1","mn":"ADBE Vector Shape - Group","hd":false},{"ty":"st","c":{"a":0,"k":[0.239215686275,0.239215686275,0.239215686275,1],"ix":3},"o":{"a":0,"k":100,"ix":4},"w":{"a":0,"k":5,"ix":5},"lc":1,"lj":1,"ml":4,"bm":0,"nm":"Stroke 1","mn":"ADBE Vector Graphic - Stroke","hd":false},{"ty":"tr","p":{"a":0,"k":[0,-64],"ix":2},"a":{"a":0,"k":[0,0],"ix":1},"s":{"a":0,"k":[100,100],"ix":3},"r":{"a":0,"k":0,"ix":6},"o":{"a":0,"k":100,"ix":7},"sk":{"a":0,"k":0,"ix":4},"sa":{"a":0,"k":0,"ix":5},"nm":"Transform"}],"nm":"Ellipse 1","np":3,"cix":2,"bm":0,"ix":1,"mn":"ADBE Vector Group","hd":false},{"ty":"tm","s":{"a":1,"k":[{"i":{"x":[0.667],"y":[1]},"o":{"x":[0.333],"y":[0]},"t":0,"s":[0]},{"t":30,"s":[100]}],"ix":1},"e":{"a":0,"k":0,"ix":2},"o":{"a":1,"k":[{"i":{"x":[0.667],"y":[1]},"o":{"x":[0.333],"y":[0]},"t":0,"s":[0]},{"t":30,"s":[180]}],"ix":3},"m":1,"ix":2,"nm":"Trim Paths 1","mn":"ADBE Vector Filter - Trim","hd":false}],"ip":0,"op":150,"st":0,"bm":0}],"markers":[],"chars":[{"ch":"I","size":72,"style":"SemiBold","w":31.9,"data":{"shapes":[{"ty":"gr","it":[{"ind":0,"ty":"sh","ix":1,"ks":{"a":0,"k":{"i":[[0,0],[0,0],[0,0],[0,0]],"o":[[0,0],[0,0],[0,0],[0,0]],"v":[[9.4,0],[22.4,0],[22.4,-70],[9.4,-70]],"c":true},"ix":2},"nm":"I","mn":"ADBE Vector Shape - Group","hd":false}],"nm":"I","np":3,"cix":2,"bm":0,"ix":1,"mn":"ADBE Vector Group","hd":false}]},"fFamily":"Montserrat"},{"ch":"C","size":72,"style":"SemiBold","w":71.2,"data":{"shapes":[{"ty":"gr","it":[{"ind":0,"ty":"sh","ix":1,"ks":{"a":0,"k":{"i":[[-7.067,0],[-4.767,2],[-3.267,3.8],[0,0],[7.4,0],[3.8,2.1],[2.133,3.734],[0,4.734],[-2.134,3.734],[-3.8,2.1],[-4.8,0],[-5.067,-5.466],[0,0],[4.733,2],[5.733,0],[5.7,-3.1],[3.266,-5.466],[0,-6.866],[-3.234,-5.466],[-5.7,-3.1]],"o":[[5.733,0],[4.766,-2],[0,0],[-5.067,5.534],[-4.8,0],[-3.8,-2.1],[-2.134,-3.733],[0,-4.733],[2.133,-3.733],[3.8,-2.1],[7.4,0],[0,0],[-3.267,-3.8],[-4.734,-2],[-7.067,0],[-5.7,3.1],[-3.267,5.467],[0,6.867],[3.233,5.467],[5.7,3.1]],"v":[[41.8,1],[57.55,-2],[69.6,-10.7],[61.2,-18.7],[42.5,-10.4],[29.6,-13.55],[20.7,-22.3],[17.5,-35],[20.7,-47.7],[29.6,-56.45],[42.5,-59.6],[61.2,-51.4],[69.6,-59.3],[57.6,-68],[41.9,-71],[22.75,-66.35],[9.3,-53.5],[4.4,-35],[9.25,-16.5],[22.65,-3.65]],"c":true},"ix":2},"nm":"C","mn":"ADBE Vector Shape - Group","hd":false}],"nm":"C","np":3,"cix":2,"bm":0,"ix":1,"mn":"ADBE Vector Group","hd":false}]},"fFamily":"Montserrat"},{"ch":"S","size":72,"style":"SemiBold","w":62.9,"data":{"shapes":[{"ty":"gr","it":[{"ind":0,"ty":"sh","ix":1,"ks":{"a":0,"k":{"i":[[-5.4,0],[-4.267,1.866],[-2.1,3.134],[0,3.867],[2.366,2.667],[3.333,1.3],[5.2,1.2],[2.2,0.734],[1.433,1.267],[0,2],[-2.5,1.734],[-5.134,0],[-3.334,-0.933],[-3.067,-1.8],[0,0],[4.133,1.067],[4.266,0],[4.233,-1.866],[2.1,-3.166],[0,-3.866],[-2.367,-2.7],[-3.3,-1.266],[-5.334,-1.266],[-2.2,-0.733],[-1.434,-1.3],[0,-2],[2.566,-1.666],[5.2,0],[4.166,1.434],[2.866,2.267],[0,0],[-5.034,-1.533]],"o":[[6.133,0],[4.266,-1.866],[2.1,-3.133],[0,-4.533],[-2.367,-2.666],[-3.334,-1.3],[-3.8,-0.933],[-2.2,-0.733],[-1.434,-1.266],[0,-2.866],[2.5,-1.733],[3.133,0],[3.333,0.934],[0,0],[-3,-2],[-4.134,-1.066],[-6.134,0],[-4.234,1.867],[-2.1,3.167],[0,4.6],[2.366,2.7],[3.3,1.267],[3.8,0.934],[2.2,0.734],[1.433,1.3],[0,2.734],[-2.567,1.667],[-4.2,0],[-4.167,-1.433],[0,0],[2.933,2.534],[5.033,1.533]],"v":[[31.1,1],[46.7,-1.8],[56.25,-9.3],[59.4,-19.8],[55.85,-30.6],[47.3,-36.55],[34.5,-40.3],[25.5,-42.8],[20.05,-45.8],[17.9,-50.7],[21.65,-57.6],[33.1,-60.2],[42.8,-58.8],[52.4,-54.7],[56.5,-64.8],[45.8,-69.4],[33.2,-71],[17.65,-68.2],[8.15,-60.65],[5,-50.1],[8.55,-39.15],[17.05,-33.2],[30,-29.4],[39,-26.9],[44.45,-23.85],[46.6,-18.9],[42.75,-12.3],[31.1,-9.8],[18.55,-11.95],[8,-17.5],[3.5,-7.4],[15.45,-1.3]],"c":true},"ix":2},"nm":"S","mn":"ADBE Vector Shape - Group","hd":false}],"nm":"S","np":3,"cix":2,"bm":0,"ix":1,"mn":"ADBE Vector Group","hd":false}]},"fFamily":"Montserrat"},{"ch":"D","size":18,"style":"SemiBold","w":82.6,"data":{"shapes":[{"ty":"gr","it":[{"ind":0,"ty":"sh","ix":1,"ks":{"a":0,"k":{"i":[[0,0],[0,0],[-5.8,2.9],[-3.2,5.3],[0,6.934],[3.2,5.3],[5.8,2.9],[7.466,0],[0,0]],"o":[[0,0],[7.466,0],[5.8,-2.9],[3.2,-5.3],[0,-6.933],[-3.2,-5.3],[-5.8,-2.9],[0,0],[0,0]],"v":[[9.4,0],[40,0],[59.9,-4.35],[73.4,-16.65],[78.2,-35],[73.4,-53.35],[59.9,-65.65],[40,-70],[9.4,-70]],"c":true},"ix":2},"nm":"D","mn":"ADBE Vector Shape - Group","hd":false},{"ind":1,"ty":"sh","ix":2,"ks":{"a":0,"k":{"i":[[0,0],[0,0],[0,0],[-3.9,-1.966],[-2.1,-3.633],[0,-4.8],[2.1,-3.633],[3.9,-1.966],[5.133,0]],"o":[[0,0],[0,0],[5.133,0],[3.9,1.967],[2.1,3.634],[0,4.8],[-2.1,3.634],[-3.9,1.967],[0,0]],"v":[[22.4,-11],[22.4,-59],[39.4,-59],[52.95,-56.05],[61.95,-47.65],[65.1,-35],[61.95,-22.35],[52.95,-13.95],[39.4,-11]],"c":true},"ix":2},"nm":"D","mn":"ADBE Vector Shape - Group","hd":false}],"nm":"D","np":5,"cix":2,"bm":0,"ix":1,"mn":"ADBE Vector Group","hd":false}]},"fFamily":"Montserrat"},{"ch":" ","size":18,"style":"SemiBold","w":27.6,"data":{},"fFamily":"Montserrat"},{"ch":"N","size":18,"style":"SemiBold","w":81,"data":{"shapes":[{"ty":"gr","it":[{"ind":0,"ty":"sh","ix":1,"ks":{"a":0,"k":{"i":[[0,0],[0,0],[0,0],[0,0],[0,0],[0,0],[0,0],[0,0],[0,0],[0,0]],"o":[[0,0],[0,0],[0,0],[0,0],[0,0],[0,0],[0,0],[0,0],[0,0],[0,0]],"v":[[58.7,-70],[58.7,-22.6],[20.1,-70],[9.4,-70],[9.4,0],[22.3,0],[22.3,-47.4],[60.9,0],[71.6,0],[71.6,-70]],"c":true},"ix":2},"nm":"N","mn":"ADBE Vector Shape - Group","hd":false}],"nm":"N","np":3,"cix":2,"bm":0,"ix":1,"mn":"ADBE Vector Group","hd":false}]},"fFamily":"Montserrat"},{"ch":"T","size":18,"style":"SemiBold","w":61.2,"data":{"shapes":[{"ty":"gr","it":[{"ind":0,"ty":"sh","ix":1,"ks":{"a":0,"k":{"i":[[0,0],[0,0],[0,0],[0,0],[0,0],[0,0],[0,0],[0,0]],"o":[[0,0],[0,0],[0,0],[0,0],[0,0],[0,0],[0,0],[0,0]],"v":[[23.6,0],[36.6,0],[36.6,-59],[59.8,-59],[59.8,-70],[0.4,-70],[0.4,-59],[23.6,-59]],"c":true},"ix":2},"nm":"T","mn":"ADBE Vector Shape - Group","hd":false}],"nm":"T","np":3,"cix":2,"bm":0,"ix":1,"mn":"ADBE Vector Group","hd":false}]},"fFamily":"Montserrat"},{"ch":"R","size":18,"style":"SemiBold","w":73.1,"data":{"shapes":[{"ty":"gr","it":[{"ind":0,"ty":"sh","ix":1,"ks":{"a":0,"k":{"i":[[0,0],[0,0],[-2.567,3.8],[0,5.267],[2.4,3.734],[4.5,2],[6.066,0],[0,0],[0,0],[0,0],[0,0],[0,0],[-0.6,0.067],[0,0]],"o":[[0,0],[4.8,-1.866],[2.566,-3.8],[0,-5.133],[-2.4,-3.733],[-4.5,-2],[0,0],[0,0],[0,0],[0,0],[0,0],[1.2,0],[0,0],[0,0]],"v":[[69.2,0],[53.1,-23],[64.15,-31.5],[68,-45.1],[64.4,-58.4],[54.05,-67],[38.2,-70],[9.4,-70],[9.4,0],[22.4,0],[22.4,-20.4],[38.2,-20.4],[40.9,-20.5],[55.2,0]],"c":true},"ix":2},"nm":"R","mn":"ADBE Vector Shape - Group","hd":false},{"ind":1,"ty":"sh","ix":2,"ks":{"a":0,"k":{"i":[[0,-4.466],[2.933,-2.433],[5.666,0],[0,0],[0,0],[0,0],[-2.934,-2.4]],"o":[[0,4.467],[-2.934,2.434],[0,0],[0,0],[0,0],[5.666,0],[2.933,2.4]],"v":[[54.9,-45.1],[50.5,-34.75],[37.6,-31.1],[22.4,-31.1],[22.4,-59],[37.6,-59],[50.5,-55.4]],"c":true},"ix":2},"nm":"R","mn":"ADBE Vector Shape - Group","hd":false}],"nm":"R","np":5,"cix":2,"bm":0,"ix":1,"mn":"ADBE Vector Group","hd":false}]},"fFamily":"Montserrat"},{"ch":"o","size":18,"style":"SemiBold","w":64.5,"data":{"shapes":[{"ty":"gr","it":[{"ind":0,"ty":"sh","ix":1,"ks":{"a":0,"k":{"i":[[-5.4,0],[-4.334,2.334],[-2.434,4.167],[0,5.267],[2.433,4.134],[4.333,2.334],[5.466,0],[4.333,-2.333],[2.433,-4.133],[0,-5.266],[-2.434,-4.166],[-4.334,-2.333]],"o":[[5.466,0],[4.333,-2.333],[2.433,-4.166],[0,-5.266],[-2.434,-4.133],[-4.334,-2.333],[-5.4,0],[-4.334,2.334],[-2.434,4.134],[0,5.267],[2.433,4.167],[4.333,2.334]],"v":[[32.2,0.7],[46.9,-2.8],[57.05,-12.55],[60.7,-26.7],[57.05,-40.8],[46.9,-50.5],[32.2,-54],[17.6,-50.5],[7.45,-40.8],[3.8,-26.7],[7.45,-12.55],[17.6,-2.8]],"c":true},"ix":2},"nm":"o","mn":"ADBE Vector Shape - Group","hd":false},{"ind":1,"ty":"sh","ix":2,"ks":{"a":0,"k":{"i":[[4.6,0],[2.966,3.067],[0,5],[-2.967,3.067],[-4.6,0],[-3,-3.066],[0,-5],[3,-3.066]],"o":[[-4.6,0],[-2.967,-3.066],[0,-5],[2.966,-3.066],[4.6,0],[3,3.067],[0,5],[-3,3.067]],"v":[[32.2,-10],[20.85,-14.6],[16.4,-26.7],[20.85,-38.8],[32.2,-43.4],[43.6,-38.8],[48.1,-26.7],[43.6,-14.6]],"c":true},"ix":2},"nm":"o","mn":"ADBE Vector Shape - Group","hd":false}],"nm":"o","np":5,"cix":2,"bm":0,"ix":1,"mn":"ADBE Vector Group","hd":false}]},"fFamily":"Montserrat"},{"ch":"u","size":18,"style":"SemiBold","w":68.1,"data":{"shapes":[{"ty":"gr","it":[{"ind":0,"ty":"sh","ix":1,"ks":{"a":0,"k":{"i":[[0,0],[0,0],[2.633,-2.766],[4.466,0],[2.166,2.367],[0,4.8],[0,0],[0,0],[0,0],[-4.1,-3.966],[-7.134,0],[-3,1.3],[-2,2.4],[0,0],[0,0],[0,0]],"o":[[0,0],[0,5.2],[-2.634,2.767],[-4,0],[-2.167,-2.366],[0,0],[0,0],[0,0],[0,7.8],[4.1,3.967],[3.466,0],[3,-1.3],[0,0],[0,0],[0,0],[0,0]],"v":[[47.4,-53.4],[47.4,-26.4],[43.45,-14.45],[32.8,-10.3],[23.55,-13.85],[20.3,-24.6],[20.3,-53.4],[7.8,-53.4],[7.8,-22.9],[13.95,-5.25],[30.8,0.7],[40.5,-1.25],[48,-6.8],[48,0],[59.9,0],[59.9,-53.4]],"c":true},"ix":2},"nm":"u","mn":"ADBE Vector Shape - Group","hd":false}],"nm":"u","np":3,"cix":2,"bm":0,"ix":1,"mn":"ADBE Vector Group","hd":false}]},"fFamily":"Montserrat"},{"ch":"r","size":18,"style":"SemiBold","w":41.5,"data":{"shapes":[{"ty":"gr","it":[{"ind":0,"ty":"sh","ix":1,"ks":{"a":0,"k":{"i":[[3.6,-5.6],[0,0],[0,0],[0,0],[0,0],[0,0],[-2.734,2.834],[-4.867,0],[-1.067,-0.2],[0,0]],"o":[[0,0],[0,0],[0,0],[0,0],[0,0],[0,-5.333],[2.733,-2.833],[0.866,0],[0,0],[-9.067,0]],"v":[[20.1,-45.6],[20.1,-53.4],[8.2,-53.4],[8.2,0],[20.7,0],[20.7,-25.9],[24.8,-38.15],[36.2,-42.4],[39.1,-42.1],[39.1,-54]],"c":true},"ix":2},"nm":"r","mn":"ADBE Vector Shape - Group","hd":false}],"nm":"r","np":3,"cix":2,"bm":0,"ix":1,"mn":"ADBE Vector Group","hd":false}]},"fFamily":"Montserrat"},{"ch":"k","size":18,"style":"SemiBold","w":63.6,"data":{"shapes":[{"ty":"gr","it":[{"ind":0,"ty":"sh","ix":1,"ks":{"a":0,"k":{"i":[[0,0],[0,0],[0,0],[0,0],[0,0],[0,0],[0,0],[0,0],[0,0],[0,0],[0,0],[0,0]],"o":[[0,0],[0,0],[0,0],[0,0],[0,0],[0,0],[0,0],[0,0],[0,0],[0,0],[0,0],[0,0]],"v":[[48.5,0],[63.7,0],[39.3,-31],[61.6,-53.4],[46.6,-53.4],[20.7,-29.4],[20.7,-74.2],[8.2,-74.2],[8.2,0],[20.7,0],[20.7,-14.1],[30,-22.9]],"c":true},"ix":2},"nm":"k","mn":"ADBE Vector Shape - Group","hd":false}],"nm":"k","np":3,"cix":2,"bm":0,"ix":1,"mn":"ADBE Vector Group","hd":false}]},"fFamily":"Montserrat"},{"ch":"e","size":18,"style":"SemiBold","w":62.2,"data":{"shapes":[{"ty":"gr","it":[{"ind":0,"ty":"sh","ix":1,"ks":{"a":0,"k":{"i":[[0,0.867],[2.3,4.167],[4.1,2.3],[5.2,0],[4.2,-2.333],[2.366,-4.166],[0,-5.2],[-2.434,-4.166],[-4.467,-2.333],[-5.867,0],[-3.667,1.467],[-2.4,2.867],[0,0],[5.866,0],[3.1,2.3],[0.733,3.934],[0,0]],"o":[[0,-5.466],[-2.3,-4.166],[-4.1,-2.3],[-5.267,0],[-4.2,2.334],[-2.367,4.167],[0,5.267],[2.433,4.167],[4.466,2.334],[4.6,0],[3.666,-1.466],[0,0],[-3.8,3.867],[-4.6,0],[-3.1,-2.3],[0,0],[0.133,-1.6]],"v":[[58.4,-26.4],[54.95,-40.85],[45.35,-50.55],[31.4,-54],[17.2,-50.5],[7.35,-40.75],[3.8,-26.7],[7.45,-12.55],[17.8,-2.8],[33.3,0.7],[45.7,-1.5],[54.8,-8],[48.1,-15.7],[33.6,-9.9],[22.05,-13.35],[16.3,-22.7],[58.2,-22.7]],"c":true},"ix":2},"nm":"e","mn":"ADBE Vector Shape - Group","hd":false},{"ind":1,"ty":"sh","ix":2,"ks":{"a":0,"k":{"i":[[-4,0],[-2.734,-2.4],[-0.534,-3.866],[0,0],[-2.767,2.367]],"o":[[4.066,0],[2.733,2.4],[0,0],[0.6,-3.933],[2.766,-2.366]],"v":[[31.4,-44],[41.6,-40.4],[46.5,-31],[16.2,-31],[21.25,-40.45]],"c":true},"ix":2},"nm":"e","mn":"ADBE Vector Shape - Group","hd":false}],"nm":"e","np":5,"cix":2,"bm":0,"ix":1,"mn":"ADBE Vector Group","hd":false}]},"fFamily":"Montserrat"},{"ch":"l","size":18,"style":"SemiBold","w":28.9,"data":{"shapes":[{"ty":"gr","it":[{"ind":0,"ty":"sh","ix":1,"ks":{"a":0,"k":{"i":[[0,0],[0,0],[0,0],[0,0]],"o":[[0,0],[0,0],[0,0],[0,0]],"v":[[8.2,0],[20.7,0],[20.7,-74.2],[8.2,-74.2]],"c":true},"ix":2},"nm":"l","mn":"ADBE Vector Shape - Group","hd":false}],"nm":"l","np":3,"cix":2,"bm":0,"ix":1,"mn":"ADBE Vector Group","hd":false}]},"fFamily":"Montserrat"},{"ch":"a","size":18,"style":"SemiBold","w":60.7,"data":{"shapes":[{"ty":"gr","it":[{"ind":0,"ty":"sh","ix":1,"ks":{"a":0,"k":{"i":[[7.866,0],[3.933,-1.133],[2.8,-2.133],[0,0],[-2.9,0.934],[-3,0],[-2.234,-2],[0,-3.733],[0,0],[0,0],[3.566,-2.9],[0,-4.8],[-1.634,-2.433],[-3,-1.366],[-4,0],[-2.834,1.233],[-1.534,2.334],[0,0],[0,0],[0,0],[4.166,3.767]],"o":[[-4.4,0],[-3.934,1.134],[0,0],[2,-1.666],[2.9,-0.933],[4.4,0],[2.233,2],[0,0],[0,0],[-7.667,0],[-3.567,2.9],[0,3.067],[1.633,2.434],[3,1.366],[4,0],[2.833,-1.233],[0,0],[0,0],[0,0],[0,-7.6],[-4.167,-3.766]],"v":[[28.6,-54],[16.1,-52.3],[6,-47.4],[10.9,-38.3],[18.25,-42.2],[27.1,-43.6],[37.05,-40.6],[40.4,-32],[40.4,-31.2],[26.6,-31.2],[9.75,-26.85],[4.4,-15.3],[6.85,-7.05],[13.8,-1.35],[24.3,0.7],[34.55,-1.15],[41.1,-6.5],[41.1,0],[52.9,0],[52.9,-31.3],[46.65,-48.35]],"c":true},"ix":2},"nm":"a","mn":"ADBE Vector Shape - Group","hd":false},{"ind":1,"ty":"sh","ix":2,"ks":{"a":0,"k":{"i":[[3.133,0],[1.8,1.334],[0,2.267],[-7.2,0],[0,0],[0,0],[2.433,-1.433]],"o":[[-3.2,0],[-1.8,-1.333],[0,-4.733],[0,0],[0,0],[-1,2.667],[-2.434,1.434]],"v":[[26.9,-8.4],[19.4,-10.4],[16.7,-15.8],[27.5,-22.9],[40.4,-22.9],[40.4,-16.7],[35.25,-10.55]],"c":true},"ix":2},"nm":"a","mn":"ADBE Vector Shape - Group","hd":false}],"nm":"a","np":5,"cix":2,"bm":0,"ix":1,"mn":"ADBE Vector Group","hd":false}]},"fFamily":"Montserrat"},{"ch":"d","size":14,"style":"Medium","w":68.2,"data":{"shapes":[{"ty":"gr","it":[{"ind":0,"ty":"sh","ix":1,"ks":{"a":0,"k":{"i":[[0,0],[0,0],[3.2,1.434],[3.8,0],[4.066,-2.266],[2.3,-4.066],[0,-5.333],[-2.3,-4.1],[-4.067,-2.266],[-5.134,0],[-3.267,1.534],[-2.134,2.934],[0,0],[0,0],[0,0]],"o":[[0,0],[-2.134,-2.8],[-3.2,-1.433],[-5.134,0],[-4.067,2.267],[-2.3,4.067],[0,5.334],[2.3,4.1],[4.066,2.267],[3.933,0],[3.266,-1.533],[0,0],[0,0],[0,0],[0,0]],"v":[[49.5,-74.2],[49.5,-45],[41.5,-51.35],[31,-53.5],[17.2,-50.1],[7.65,-40.6],[4.2,-26.5],[7.65,-12.35],[17.2,-2.8],[31,0.6],[41.8,-1.7],[49.9,-8.4],[49.9,0],[59.1,0],[59.1,-74.2]],"c":true},"ix":2},"nm":"d","mn":"ADBE Vector Shape - Group","hd":false},{"ind":1,"ty":"sh","ix":2,"ks":{"a":0,"k":{"i":[[3.333,0],[2.7,1.567],[1.566,2.834],[0,3.667],[-1.567,2.834],[-2.7,1.534],[-3.4,0],[-2.734,-1.533],[-1.534,-2.833],[0,-3.666],[1.533,-2.833],[2.733,-1.566]],"o":[[-3.4,0],[-2.7,-1.566],[-1.567,-2.833],[0,-3.666],[1.566,-2.833],[2.7,-1.533],[3.333,0],[2.733,1.534],[1.533,2.834],[0,3.667],[-1.534,2.834],[-2.734,1.567]],"v":[[31.8,-7.8],[22.65,-10.15],[16.25,-16.75],[13.9,-26.5],[16.25,-36.25],[22.65,-42.8],[31.8,-45.1],[40.9,-42.8],[47.3,-36.25],[49.6,-26.5],[47.3,-16.75],[40.9,-10.15]],"c":true},"ix":2},"nm":"d","mn":"ADBE Vector Shape - Group","hd":false}],"nm":"d","np":5,"cix":2,"bm":0,"ix":1,"mn":"ADBE Vector Group","hd":false}]},"fFamily":"Montserrat"},{"ch":"s","size":14,"style":"Medium","w":50.1,"data":{"shapes":[{"ty":"gr","it":[{"ind":0,"ty":"sh","ix":1,"ks":{"a":0,"k":{"i":[[-4.334,0],[-4.1,2.834],[0,4.8],[1.866,2],[2.633,0.834],[4.266,0.734],[1.766,0.467],[1.2,1],[0,1.734],[-2.134,1.334],[-4.067,0],[-4.334,-2.8],[0,0],[3.533,0.867],[3.533,0],[4,-2.9],[0,-4.8],[-1.934,-2.066],[-2.7,-0.866],[-4.267,-0.666],[-1.7,-0.433],[-1.134,-0.933],[0,-1.6],[8.4,0],[3.333,1],[2.333,1.667],[0,0],[-4,-1.166]],"o":[[7.066,0],[4.1,-2.833],[0,-3.6],[-1.867,-2],[-2.634,-0.833],[-3.2,-0.6],[-1.767,-0.466],[-1.2,-1],[0,-2.2],[2.133,-1.333],[5.866,0],[0,0],[-2.267,-1.466],[-3.534,-0.866],[-6.734,0],[-4,2.9],[0,3.734],[1.933,2.067],[2.7,0.867],[3.133,0.534],[1.7,0.434],[1.133,0.934],[0,4.8],[-3.4,0],[-3.334,-1],[0,0],[2.266,1.8],[4,1.166]],"v":[[24.3,0.6],[41.05,-3.65],[47.2,-15.1],[44.4,-23.5],[37.65,-27.75],[27.3,-30.1],[19.85,-31.7],[15.4,-33.9],[13.6,-38],[16.8,-43.3],[26.1,-45.3],[41.4,-41.1],[45.5,-48.7],[36.8,-52.2],[26.2,-53.5],[10.1,-49.15],[4.1,-37.6],[7,-28.9],[13.95,-24.5],[24.4,-22.2],[31.65,-20.75],[35.9,-18.7],[37.6,-14.9],[25,-7.7],[14.9,-9.2],[6.4,-13.2],[2.4,-5.6],[11.8,-1.15]],"c":true},"ix":2},"nm":"s","mn":"ADBE Vector Shape - Group","hd":false}],"nm":"s","np":3,"cix":2,"bm":0,"ix":1,"mn":"ADBE Vector Group","hd":false}]},"fFamily":"Montserrat"},{"ch":"c","size":14,"style":"Medium","w":56.3,"data":{"shapes":[{"ty":"gr","it":[{"ind":0,"ty":"sh","ix":1,"ks":{"a":0,"k":{"i":[[-5.4,0],[-3.767,1.967],[-2.067,3.667],[0,0],[2.466,-1.266],[3,0],[2.766,1.534],[1.566,2.834],[0,3.734],[-1.567,2.834],[-2.767,1.534],[-3.467,0],[-2.467,-1.266],[-1.667,-2.533],[0,0],[3.766,1.934],[4.8,0],[4.233,-2.3],[2.4,-4.1],[0,-5.2],[-2.4,-4.1],[-4.234,-2.333]],"o":[[4.8,0],[3.766,-1.966],[0,0],[-1.667,2.534],[-2.467,1.267],[-3.467,0],[-2.767,-1.533],[-1.567,-2.833],[0,-3.666],[1.566,-2.833],[2.766,-1.533],[3,0],[2.466,1.267],[0,0],[-2.067,-3.666],[-3.767,-1.933],[-5.4,0],[-4.234,2.3],[-2.4,4.1],[0,5.2],[2.4,4.1],[4.233,2.334]],"v":[[32.2,0.6],[45.05,-2.35],[53.8,-10.8],[46.5,-15.4],[40.3,-9.7],[32.1,-7.8],[22.75,-10.1],[16.25,-16.65],[13.9,-26.5],[16.25,-36.25],[22.75,-42.8],[32.1,-45.1],[40.3,-43.2],[46.5,-37.5],[53.8,-42.2],[45.05,-50.6],[32.2,-53.5],[17.75,-50.05],[7.8,-40.45],[4.2,-26.5],[7.8,-12.55],[17.75,-2.9]],"c":true},"ix":2},"nm":"c","mn":"ADBE Vector Shape - Group","hd":false}],"nm":"c","np":3,"cix":2,"bm":0,"ix":1,"mn":"ADBE Vector Group","hd":false}]},"fFamily":"Montserrat"},{"ch":"n","size":14,"style":"Medium","w":68.1,"data":{"shapes":[{"ty":"gr","it":[{"ind":0,"ty":"sh","ix":1,"ks":{"a":0,"k":{"i":[[6.733,0],[3.3,-1.466],[1.933,-2.733],[0,0],[0,0],[0,0],[0,0],[0,0],[-3,3.034],[-5.2,0],[-2.467,-2.6],[0,-5.133],[0,0],[0,0],[0,0],[3.966,3.9]],"o":[[-4.2,0],[-3.3,1.467],[0,0],[0,0],[0,0],[0,0],[0,0],[0,-5.666],[3,-3.033],[4.6,0],[2.466,2.6],[0,0],[0,0],[0,0],[0,-7.533],[-3.967,-3.9]],"v":[[37.4,-53.5],[26.15,-51.3],[18.3,-45],[18.3,-53],[9.1,-53],[9.1,0],[18.7,0],[18.7,-27.3],[23.2,-40.35],[35.5,-44.9],[46.1,-41],[49.8,-29.4],[49.8,0],[59.4,0],[59.4,-30.5],[53.45,-47.65]],"c":true},"ix":2},"nm":"n","mn":"ADBE Vector Shape - Group","hd":false}],"nm":"n","np":3,"cix":2,"bm":0,"ix":1,"mn":"ADBE Vector Group","hd":false}]},"fFamily":"Montserrat"},{"ch":"i","size":14,"style":"Medium","w":27.9,"data":{"shapes":[{"ty":"gr","it":[{"ind":0,"ty":"sh","ix":1,"ks":{"a":0,"k":{"i":[[0,0],[0,0],[0,0],[0,0]],"o":[[0,0],[0,0],[0,0],[0,0]],"v":[[9.1,0],[18.7,0],[18.7,-53],[9.1,-53]],"c":true},"ix":2},"nm":"i","mn":"ADBE Vector Shape - Group","hd":false},{"ind":1,"ty":"sh","ix":2,"ks":{"a":0,"k":{"i":[[-1.867,0],[-1.234,1.234],[0,1.8],[1.233,1.167],[1.866,0],[1.233,-1.233],[0,-1.733],[-1.234,-1.2]],"o":[[1.866,0],[1.233,-1.233],[0,-1.733],[-1.234,-1.166],[-1.867,0],[-1.234,1.234],[0,1.734],[1.233,1.2]],"v":[[13.9,-63.2],[18.55,-65.05],[20.4,-69.6],[18.55,-73.95],[13.9,-75.7],[9.25,-73.85],[7.4,-69.4],[9.25,-65]],"c":true},"ix":2},"nm":"i","mn":"ADBE Vector Shape - Group","hd":false}],"nm":"i","np":5,"cix":2,"bm":0,"ix":1,"mn":"ADBE Vector Group","hd":false}]},"fFamily":"Montserrat"},{"ch":"t","size":14,"style":"Medium","w":40.1,"data":{"shapes":[{"ty":"gr","it":[{"ind":0,"ty":"sh","ix":1,"ks":{"a":0,"k":{"i":[[0,0],[2.933,0],[1.433,1.534],[0,2.867],[0,0],[0,0],[0,0],[0,0],[0,0],[0,0],[0,0],[0,0],[0,0],[0,0],[0,0],[-2.934,-2.866],[-5.334,0],[-2.067,0.633],[-1.4,1.2]],"o":[[-2.067,1.667],[-2.667,0],[-1.434,-1.533],[0,0],[0,0],[0,0],[0,0],[0,0],[0,0],[0,0],[0,0],[0,0],[0,0],[0,0],[0,5.334],[2.933,2.867],[2.2,0],[2.066,-0.633],[0,0]],"v":[[35.9,-10],[28.4,-7.5],[22.25,-9.8],[20.1,-16.4],[20.1,-45.1],[35.3,-45.1],[35.3,-53],[20.1,-53],[20.1,-64.6],[10.5,-64.6],[10.5,-53],[1.5,-53],[1.5,-45.1],[10.5,-45.1],[10.5,-16],[14.9,-3.7],[27.3,0.6],[33.7,-0.35],[38.9,-3.1]],"c":true},"ix":2},"nm":"t","mn":"ADBE Vector Shape - Group","hd":false}],"nm":"t","np":3,"cix":2,"bm":0,"ix":1,"mn":"ADBE Vector Group","hd":false}]},"fFamily":"Montserrat"},{"ch":"r","size":14,"style":"Medium","w":40.3,"data":{"shapes":[{"ty":"gr","it":[{"ind":0,"ty":"sh","ix":1,"ks":{"a":0,"k":{"i":[[1.666,-3.066],[0,0],[0,0],[0,0],[0,0],[0,0],[-2.967,3.1],[-5.2,0],[-0.534,-0.066],[0,0],[3.266,-1.6]],"o":[[0,0],[0,0],[0,0],[0,0],[0,0],[0,-5.733],[2.966,-3.1],[0.933,0],[0,0],[-4.667,0],[-3.267,1.6]],"v":[[18.3,-44.1],[18.3,-53],[9.1,-53],[9.1,0],[18.7,0],[18.7,-26.4],[23.15,-39.65],[35.4,-44.3],[37.6,-44.2],[37.6,-53.5],[25.7,-51.1]],"c":true},"ix":2},"nm":"r","mn":"ADBE Vector Shape - Group","hd":false}],"nm":"r","np":3,"cix":2,"bm":0,"ix":1,"mn":"ADBE Vector Group","hd":false}]},"fFamily":"Montserrat"},{"ch":"o","size":14,"style":"Medium","w":63.5,"data":{"shapes":[{"ty":"gr","it":[{"ind":0,"ty":"sh","ix":1,"ks":{"a":0,"k":{"i":[[-5.267,0],[-4.167,2.334],[-2.367,4.1],[0,5.2],[2.366,4.1],[4.166,2.3],[5.266,0],[4.2,-2.3],[2.366,-4.1],[0,-5.2],[-2.367,-4.1],[-4.2,-2.333]],"o":[[5.266,0],[4.166,-2.333],[2.366,-4.1],[0,-5.2],[-2.367,-4.1],[-4.167,-2.3],[-5.267,0],[-4.2,2.3],[-2.367,4.1],[0,5.2],[2.366,4.1],[4.2,2.334]],"v":[[31.8,0.6],[45.95,-2.9],[55.75,-12.55],[59.3,-26.5],[55.75,-40.45],[45.95,-50.05],[31.8,-53.5],[17.6,-50.05],[7.75,-40.45],[4.2,-26.5],[7.75,-12.55],[17.6,-2.9]],"c":true},"ix":2},"nm":"o","mn":"ADBE Vector Shape - Group","hd":false},{"ind":1,"ty":"sh","ix":2,"ks":{"a":0,"k":{"i":[[3.4,0],[2.7,1.567],[1.566,2.834],[0,3.667],[-1.567,2.834],[-2.7,1.534],[-3.4,0],[-2.7,-1.533],[-1.534,-2.833],[0,-3.666],[1.533,-2.833],[2.7,-1.566]],"o":[[-3.4,0],[-2.7,-1.566],[-1.567,-2.833],[0,-3.666],[1.566,-2.833],[2.7,-1.533],[3.4,0],[2.7,1.534],[1.533,2.834],[0,3.667],[-1.534,2.834],[-2.7,1.567]],"v":[[31.8,-7.8],[22.65,-10.15],[16.25,-16.75],[13.9,-26.5],[16.25,-36.25],[22.65,-42.8],[31.8,-45.1],[40.95,-42.8],[47.3,-36.25],[49.6,-26.5],[47.3,-16.75],[40.95,-10.15]],"c":true},"ix":2},"nm":"o","mn":"ADBE Vector Shape - Group","hd":false}],"nm":"o","np":5,"cix":2,"bm":0,"ix":1,"mn":"ADBE Vector Group","hd":false}]},"fFamily":"Montserrat"},{"ch":"u","size":14,"style":"Medium","w":67.7,"data":{"shapes":[{"ty":"gr","it":[{"ind":0,"ty":"sh","ix":1,"ks":{"a":0,"k":{"i":[[0,0],[0,0],[2.933,-3.066],[5.066,0],[2.466,2.634],[0,5.134],[0,0],[0,0],[0,0],[-4.067,-3.9],[-7.067,0],[-3.167,1.5],[-1.934,2.734],[0,0],[0,0],[0,0]],"o":[[0,0],[0,5.6],[-2.934,3.067],[-4.6,0],[-2.467,-2.633],[0,0],[0,0],[0,0],[0,7.6],[4.066,3.9],[3.733,0],[3.166,-1.5],[0,0],[0,0],[0,0],[0,0]],"v":[[48.9,-53],[48.9,-25.6],[44.5,-12.6],[32.5,-8],[21.9,-11.95],[18.2,-23.6],[18.2,-53],[8.6,-53],[8.6,-22.5],[14.7,-5.25],[31.4,0.6],[41.75,-1.65],[49.4,-8],[49.4,0],[58.5,0],[58.5,-53]],"c":true},"ix":2},"nm":"u","mn":"ADBE Vector Shape - Group","hd":false}],"nm":"u","np":3,"cix":2,"bm":0,"ix":1,"mn":"ADBE Vector Group","hd":false}]},"fFamily":"Montserrat"},{"ch":"k","size":14,"style":"Medium","w":61.6,"data":{"shapes":[{"ty":"gr","it":[{"ind":0,"ty":"sh","ix":1,"ks":{"a":0,"k":{"i":[[0,0],[0,0],[0,0],[0,0],[0,0],[0,0],[0,0],[0,0],[0,0],[0,0],[0,0],[0,0]],"o":[[0,0],[0,0],[0,0],[0,0],[0,0],[0,0],[0,0],[0,0],[0,0],[0,0],[0,0],[0,0]],"v":[[49.6,0],[61.4,0],[36.9,-31.1],[59.2,-53],[47.6,-53],[18.7,-26.6],[18.7,-74.2],[9.1,-74.2],[9.1,0],[18.7,0],[18.7,-14.5],[29.7,-24.7]],"c":true},"ix":2},"nm":"k","mn":"ADBE Vector Shape - Group","hd":false}],"nm":"k","np":3,"cix":2,"bm":0,"ix":1,"mn":"ADBE Vector Group","hd":false}]},"fFamily":"Montserrat"},{"ch":"e","size":14,"style":"Medium","w":61.2,"data":{"shapes":[{"ty":"gr","it":[{"ind":0,"ty":"sh","ix":1,"ks":{"a":0,"k":{"i":[[0,0.734],[2.233,4.134],[3.966,2.3],[5.066,0],[4.033,-2.3],[2.3,-4.133],[0,-5.133],[-2.367,-4.133],[-4.334,-2.3],[-5.6,0],[-3.567,1.467],[-2.4,2.8],[0,0],[6.333,0],[3.5,2.834],[0.6,4.667],[0,0]],"o":[[0,-5.333],[-2.234,-4.133],[-3.967,-2.3],[-5.067,0],[-4.034,2.3],[-2.3,4.134],[0,5.2],[2.366,4.134],[4.333,2.3],[4.4,0],[3.566,-1.466],[0,0],[-3.867,4.267],[-5.2,0],[-3.5,-2.833],[0,0],[0.133,-1.2]],"v":[[57,-26.2],[53.65,-40.4],[44.35,-50.05],[30.8,-53.5],[17.15,-50.05],[7.65,-40.4],[4.2,-26.5],[7.75,-12.5],[17.8,-2.85],[32.7,0.6],[44.65,-1.6],[53.6,-8],[48.3,-14.2],[33,-7.8],[19.95,-12.05],[13.8,-23.3],[56.8,-23.3]],"c":true},"ix":2},"nm":"e","mn":"ADBE Vector Shape - Group","hd":false},{"ind":1,"ty":"sh","ix":2,"ks":{"a":0,"k":{"i":[[-4.6,0],[-3.1,-2.833],[-0.534,-4.466],[0,0],[-3.1,2.8]],"o":[[4.6,0],[3.1,2.834],[0,0],[0.533,-4.533],[3.1,-2.8]],"v":[[30.8,-45.4],[42.35,-41.15],[47.8,-30.2],[13.8,-30.2],[19.25,-41.2]],"c":true},"ix":2},"nm":"e","mn":"ADBE Vector Shape - Group","hd":false}],"nm":"e","np":5,"cix":2,"bm":0,"ix":1,"mn":"ADBE Vector Group","hd":false}]},"fFamily":"Montserrat"},{"ch":"l","size":14,"style":"Medium","w":27.9,"data":{"shapes":[{"ty":"gr","it":[{"ind":0,"ty":"sh","ix":1,"ks":{"a":0,"k":{"i":[[0,0],[0,0],[0,0],[0,0]],"o":[[0,0],[0,0],[0,0],[0,0]],"v":[[9.1,0],[18.7,0],[18.7,-74.2],[9.1,-74.2]],"c":true},"ix":2},"nm":"l","mn":"ADBE Vector Shape - Group","hd":false}],"nm":"l","np":3,"cix":2,"bm":0,"ix":1,"mn":"ADBE Vector Group","hd":false}]},"fFamily":"Montserrat"},{"ch":"a","size":14,"style":"Medium","w":59.8,"data":{"shapes":[{"ty":"gr","it":[{"ind":0,"ty":"sh","ix":1,"ks":{"a":0,"k":{"i":[[7.333,0],[3.8,-1.166],[2.733,-2.2],[0,0],[-3,1.034],[-3.134,0],[-2.4,-2.2],[0,-4.133],[0,0],[0,0],[3.4,-2.833],[0,-4.666],[-3.567,-2.866],[-5.934,0],[-2.967,1.3],[-1.6,2.467],[0,0],[0,0],[0,0],[3.9,3.6]],"o":[[-4.267,0],[-3.8,1.167],[0,0],[2.066,-1.733],[3,-1.033],[4.666,0],[2.4,2.2],[0,0],[0,0],[-7.4,0],[-3.4,2.834],[0,4.667],[3.566,2.867],[4.066,0],[2.966,-1.3],[0,0],[0,0],[0,0],[0,-7.133],[-3.9,-3.6]],"v":[[28.4,-53.5],[16.3,-51.75],[6.5,-46.7],[10.5,-39.5],[18.1,-43.65],[27.3,-45.2],[37.9,-41.9],[41.5,-32.4],[41.5,-30.5],[26.3,-30.5],[10.1,-26.25],[5,-15],[10.35,-3.7],[24.6,0.6],[35.15,-1.35],[42,-7],[42,0],[51.1,0],[51.1,-32],[45.25,-48.1]],"c":true},"ix":2},"nm":"a","mn":"ADBE Vector Shape - Group","hd":false},{"ind":1,"ty":"sh","ix":2,"ks":{"a":0,"k":{"i":[[3.666,0],[2.066,1.534],[0,2.667],[-8.134,0],[0,0],[0,0],[2.666,-1.633]],"o":[[-3.667,0],[-2.067,-1.533],[0,-5.466],[0,0],[0,0],[-1.2,3],[-2.667,1.634]],"v":[[26.2,-6.8],[17.6,-9.1],[14.5,-15.4],[26.7,-23.6],[41.5,-23.6],[41.5,-16.2],[35.7,-9.25]],"c":true},"ix":2},"nm":"a","mn":"ADBE Vector Shape - Group","hd":false}],"nm":"a","np":5,"cix":2,"bm":0,"ix":1,"mn":"ADBE Vector Group","hd":false}]},"fFamily":"Montserrat"},{"ch":".","size":14,"style":"Medium","w":22.7,"data":{"shapes":[{"ty":"gr","it":[{"ind":0,"ty":"sh","ix":1,"ks":{"a":0,"k":{"i":[[-1.867,0],[-1.3,1.3],[0,2],[1.266,1.267],[1.866,0],[1.333,-1.3],[0,-1.933],[-1.334,-1.3]],"o":[[1.8,0],[1.3,-1.3],[0,-2],[-1.267,-1.266],[-1.867,0],[-1.334,1.3],[0,2],[1.333,1.3]],"v":[[11.4,0.6],[16.05,-1.35],[18,-6.3],[16.1,-11.2],[11.4,-13.1],[6.6,-11.15],[4.6,-6.3],[6.6,-1.35]],"c":true},"ix":2},"nm":".","mn":"ADBE Vector Shape - Group","hd":false}],"nm":".","np":3,"cix":2,"bm":0,"ix":1,"mn":"ADBE Vector Group","hd":false}]},"fFamily":"Montserrat"},{"ch":"g","size":14,"style":"Medium","w":69,"data":{"shapes":[{"ty":"gr","it":[{"ind":0,"ty":"sh","ix":1,"ks":{"a":0,"k":{"i":[[0,0],[0,0],[3.433,1.467],[4,0],[4.1,-2.133],[2.333,-3.9],[0,-5],[-2.334,-3.9],[-4.1,-2.166],[-5.067,0],[-3.3,1.367],[-2.267,2.734],[0,0],[2.966,-2.934],[6.2,0],[3.633,1.233],[2.466,2.133],[0,0],[-4.534,-1.367],[-5,0],[-4.6,4.433],[0,9.266],[0,0]],"o":[[0,0],[-2.2,-2.866],[-3.434,-1.466],[-5.067,0],[-4.1,2.134],[-2.334,3.9],[0,5],[2.333,3.9],[4.1,2.167],[3.866,0],[3.3,-1.366],[0,0],[0,6],[-2.967,2.933],[-3.867,0],[-3.634,-1.234],[0,0],[2.8,2.533],[4.533,1.366],[9.133,0],[4.6,-4.434],[0,0],[0,0]],"v":[[50.7,-53],[50.7,-44.8],[42.25,-51.3],[31.1,-53.5],[17.35,-50.3],[7.7,-41.25],[4.2,-27.9],[7.7,-14.55],[17.35,-5.45],[31.1,-2.2],[41.85,-4.25],[50.2,-10.4],[50.2,-6.2],[45.75,7.2],[32,11.6],[20.75,9.75],[11.6,4.7],[7,12.1],[18,17.95],[32.3,20],[52.9,13.35],[59.8,-7.2],[59.8,-53]],"c":true},"ix":2},"nm":"g","mn":"ADBE Vector Shape - Group","hd":false},{"ind":1,"ty":"sh","ix":2,"ks":{"a":0,"k":{"i":[[3.466,0],[2.766,1.467],[1.566,2.634],[0,3.334],[-3.4,3.167],[-5.4,0],[-3.4,-3.166],[0,-5.133],[1.566,-2.633],[2.766,-1.466]],"o":[[-3.534,0],[-2.767,-1.466],[-1.567,-2.633],[0,-5.133],[3.4,-3.166],[5.333,0],[3.4,3.167],[0,3.334],[-1.567,2.634],[-2.767,1.467]],"v":[[32.2,-10.6],[22.75,-12.8],[16.25,-18.95],[13.9,-27.9],[19,-40.35],[32.2,-45.1],[45.3,-40.35],[50.4,-27.9],[48.05,-18.95],[41.55,-12.8]],"c":true},"ix":2},"nm":"g","mn":"ADBE Vector Shape - Group","hd":false}],"nm":"g","np":5,"cix":2,"bm":0,"ix":1,"mn":"ADBE Vector Group","hd":false}]},"fFamily":"Montserrat"},{"ch":"d","size":14,"style":"Regular","w":67.8,"data":{"shapes":[{"ty":"gr","it":[{"ind":0,"ty":"sh","ix":1,"ks":{"a":0,"k":{"i":[[0,0],[0,0],[3.433,1.767],[4.266,0],[4,-2.233],[2.266,-4.066],[0,-5.2],[-2.267,-4.066],[-4,-2.266],[-4.934,0],[-3.5,1.867],[-2.134,3.534],[0,0],[0,0],[0,0]],"o":[[0,0],[-2.2,-3.4],[-3.434,-1.766],[-4.934,0],[-4,2.234],[-2.267,4.067],[0,5.2],[2.266,4.067],[4,2.267],[4.4,0],[3.5,-1.866],[0,0],[0,0],[0,0],[0,0]],"v":[[50.8,-74.2],[50.8,-42.6],[42.35,-50.35],[30.8,-53],[17.4,-49.65],[8,-40.2],[4.6,-26.3],[8,-12.4],[17.4,-2.9],[30.8,0.5],[42.65,-2.3],[51.1,-10.4],[51.1,0],[57.9,0],[57.9,-74.2]],"c":true},"ix":2},"nm":"d","mn":"ADBE Vector Shape - Group","hd":false},{"ind":1,"ty":"sh","ix":2,"ks":{"a":0,"k":{"i":[[3.666,0],[2.966,1.7],[1.7,3.134],[0,4],[-1.7,3.134],[-2.967,1.7],[-3.734,0],[-2.967,-1.7],[-1.7,-3.133],[0,-4],[1.7,-3.133],[2.966,-1.7]],"o":[[-3.734,0],[-2.967,-1.7],[-1.7,-3.133],[0,-4],[1.7,-3.133],[2.966,-1.7],[3.666,0],[2.966,1.7],[1.7,3.134],[0,4],[-1.7,3.134],[-2.967,1.7]],"v":[[31.4,-5.8],[21.35,-8.35],[14.35,-15.6],[11.8,-26.3],[14.35,-37],[21.35,-44.25],[31.4,-46.8],[41.35,-44.25],[48.35,-37],[50.9,-26.3],[48.35,-15.6],[41.35,-8.35]],"c":true},"ix":2},"nm":"d","mn":"ADBE Vector Shape - Group","hd":false}],"nm":"d","np":5,"cix":2,"bm":0,"ix":1,"mn":"ADBE Vector Group","hd":false}]},"fFamily":"Montserrat"},{"ch":"e","size":14,"style":"Regular","w":60.4,"data":{"shapes":[{"ty":"gr","it":[{"ind":0,"ty":"sh","ix":1,"ks":{"a":0,"k":{"i":[[0,0],[2.2,4.034],[3.866,2.267],[4.866,0],[3.9,-2.266],[2.233,-4.066],[0,-5.133],[-2.334,-4.066],[-4.167,-2.3],[-5.4,0],[-3.5,1.467],[-2.334,2.8],[0,0],[2.733,-1.166],[3.266,0],[3.8,3.367],[0.4,5.467],[0,0]],"o":[[0,-5.2],[-2.2,-4.033],[-3.867,-2.266],[-4.867,0],[-3.9,2.267],[-2.234,4.067],[0,5.134],[2.333,4.067],[4.166,2.3],[4.2,0],[3.5,-1.466],[0,0],[-2,2.267],[-2.734,1.167],[-5.8,0],[-3.8,-3.366],[0,0],[0,0]],"v":[[55.8,-26.3],[52.5,-40.15],[43.4,-49.6],[30.3,-53],[17.15,-49.6],[7.95,-40.1],[4.6,-26.3],[8.1,-12.5],[17.85,-2.95],[32.2,0.5],[43.75,-1.7],[52.5,-8.1],[48.5,-12.7],[41.4,-7.55],[32.4,-5.8],[18,-10.85],[11.7,-24.1],[55.7,-24.1]],"c":true},"ix":2},"nm":"e","mn":"ADBE Vector Shape - Group","hd":false},{"ind":1,"ty":"sh","ix":2,"ks":{"a":0,"k":{"i":[[-5.067,0],[-3.434,-3.233],[-0.467,-5.2],[0,0],[-3.434,3.234]],"o":[[5.133,0],[3.433,3.234],[0,0],[0.466,-5.2],[3.433,-3.233]],"v":[[30.3,-46.9],[43.15,-42.05],[49,-29.4],[11.7,-29.4],[17.55,-42.05]],"c":true},"ix":2},"nm":"e","mn":"ADBE Vector Shape - Group","hd":false}],"nm":"e","np":5,"cix":2,"bm":0,"ix":1,"mn":"ADBE Vector Group","hd":false}]},"fFamily":"Montserrat"},{"ch":"v","size":14,"style":"Regular","w":53.7,"data":{"shapes":[{"ty":"gr","it":[{"ind":0,"ty":"sh","ix":1,"ks":{"a":0,"k":{"i":[[0,0],[0,0],[0,0],[0,0],[0,0],[0,0],[0,0]],"o":[[0,0],[0,0],[0,0],[0,0],[0,0],[0,0],[0,0]],"v":[[47.1,-52.6],[27.2,-7.8],[7.5,-52.6],[0.1,-52.6],[23.4,0],[30.7,0],[54.1,-52.6]],"c":true},"ix":2},"nm":"v","mn":"ADBE Vector Shape - Group","hd":false}],"nm":"v","np":3,"cix":2,"bm":0,"ix":1,"mn":"ADBE Vector Group","hd":false}]},"fFamily":"Montserrat"},{"ch":"l","size":14,"style":"Regular","w":26.9,"data":{"shapes":[{"ty":"gr","it":[{"ind":0,"ty":"sh","ix":1,"ks":{"a":0,"k":{"i":[[0,0],[0,0],[0,0],[0,0]],"o":[[0,0],[0,0],[0,0],[0,0]],"v":[[9.9,0],[17,0],[17,-74.2],[9.9,-74.2]],"c":true},"ix":2},"nm":"l","mn":"ADBE Vector Shape - Group","hd":false}],"nm":"l","np":3,"cix":2,"bm":0,"ix":1,"mn":"ADBE Vector Group","hd":false}]},"fFamily":"Montserrat"},{"ch":"o","size":14,"style":"Regular","w":62.7,"data":{"shapes":[{"ty":"gr","it":[{"ind":0,"ty":"sh","ix":1,"ks":{"a":0,"k":{"i":[[-5.067,0],[-4.067,2.3],[-2.3,4.067],[0,5.134],[2.3,4.067],[4.066,2.267],[5.066,0],[4.066,-2.266],[2.333,-4.066],[0,-5.133],[-2.334,-4.066],[-4.067,-2.3]],"o":[[5.066,0],[4.066,-2.3],[2.3,-4.066],[0,-5.133],[-2.3,-4.066],[-4.067,-2.266],[-5.067,0],[-4.067,2.267],[-2.334,4.067],[0,5.134],[2.333,4.067],[4.066,2.3]],"v":[[31.4,0.5],[45.1,-2.95],[54.65,-12.5],[58.1,-26.3],[54.65,-40.1],[45.1,-49.6],[31.4,-53],[17.7,-49.6],[8.1,-40.1],[4.6,-26.3],[8.1,-12.5],[17.7,-2.95]],"c":true},"ix":2},"nm":"o","mn":"ADBE Vector Shape - Group","hd":false},{"ind":1,"ty":"sh","ix":2,"ks":{"a":0,"k":{"i":[[3.733,0],[2.966,1.7],[1.7,3.134],[0,4],[-1.7,3.134],[-2.967,1.7],[-3.734,0],[-2.967,-1.7],[-1.667,-3.133],[0,-4],[1.666,-3.133],[2.966,-1.7]],"o":[[-3.734,0],[-2.967,-1.7],[-1.7,-3.133],[0,-4],[1.7,-3.133],[2.966,-1.7],[3.733,0],[2.966,1.7],[1.666,3.134],[0,4],[-1.667,3.134],[-2.967,1.7]],"v":[[31.4,-5.8],[21.35,-8.35],[14.35,-15.6],[11.8,-26.3],[14.35,-37],[21.35,-44.25],[31.4,-46.8],[41.45,-44.25],[48.4,-37],[50.9,-26.3],[48.4,-15.6],[41.45,-8.35]],"c":true},"ix":2},"nm":"o","mn":"ADBE Vector Shape - Group","hd":false}],"nm":"o","np":5,"cix":2,"bm":0,"ix":1,"mn":"ADBE Vector Group","hd":false}]},"fFamily":"Montserrat"},{"ch":"p","size":14,"style":"Regular","w":67.8,"data":{"shapes":[{"ty":"gr","it":[{"ind":0,"ty":"sh","ix":1,"ks":{"a":0,"k":{"i":[[4.933,0],[3.5,-1.866],[2.133,-3.466],[0,0],[0,0],[0,0],[0,0],[0,0],[-3.434,-1.766],[-4.267,0],[-3.967,2.234],[-2.267,4.067],[0,5.267],[2.266,4.067],[4,2.234]],"o":[[-4.4,0],[-3.5,1.867],[0,0],[0,0],[0,0],[0,0],[0,0],[2.2,3.4],[3.433,1.767],[5,0],[3.966,-2.233],[2.266,-4.066],[0,-5.2],[-2.267,-4.066],[-4,-2.233]],"v":[[37,-53],[25.15,-50.2],[16.7,-42.2],[16.7,-52.6],[9.9,-52.6],[9.9,19.4],[17,19.4],[17,-9.9],[25.45,-2.15],[37,0.5],[50.45,-2.85],[59.8,-12.3],[63.2,-26.3],[59.8,-40.2],[50.4,-49.65]],"c":true},"ix":2},"nm":"p","mn":"ADBE Vector Shape - Group","hd":false},{"ind":1,"ty":"sh","ix":2,"ks":{"a":0,"k":{"i":[[3.666,0],[2.966,1.7],[1.7,3.134],[0,4],[-1.7,3.1],[-2.967,1.734],[-3.734,0],[-3,-1.733],[-1.7,-3.1],[0,-4],[1.7,-3.133],[3,-1.7]],"o":[[-3.734,0],[-2.967,-1.7],[-1.7,-3.133],[0,-4],[1.7,-3.1],[2.966,-1.733],[3.666,0],[3,1.734],[1.7,3.1],[0,4],[-1.7,3.134],[-3,1.7]],"v":[[36.5,-5.8],[26.45,-8.35],[19.45,-15.6],[16.9,-26.3],[19.45,-36.95],[26.45,-44.2],[36.5,-46.8],[46.5,-44.2],[53.55,-36.95],[56.1,-26.3],[53.55,-15.6],[46.5,-8.35]],"c":true},"ix":2},"nm":"p","mn":"ADBE Vector Shape - Group","hd":false}],"nm":"p","np":5,"cix":2,"bm":0,"ix":1,"mn":"ADBE Vector Group","hd":false}]},"fFamily":"Montserrat"},{"ch":" ","size":14,"style":"Regular","w":26.2,"data":{},"fFamily":"Montserrat"},{"ch":"b","size":14,"style":"Regular","w":67.8,"data":{"shapes":[{"ty":"gr","it":[{"ind":0,"ty":"sh","ix":1,"ks":{"a":0,"k":{"i":[[4.933,0],[3.433,-1.766],[2.2,-3.4],[0,0],[0,0],[0,0],[0,0],[0,0],[-3.5,-1.866],[-4.4,0],[-4,2.267],[-2.267,4.067],[0,5.2],[2.266,4.067],[4,2.234]],"o":[[-4.267,0],[-3.434,1.767],[0,0],[0,0],[0,0],[0,0],[0,0],[2.133,3.534],[3.5,1.867],[4.933,0],[4,-2.266],[2.266,-4.066],[0,-5.2],[-2.267,-4.066],[-4,-2.233]],"v":[[37,-53],[25.45,-50.35],[17,-42.6],[17,-74.2],[9.9,-74.2],[9.9,0],[16.7,0],[16.7,-10.4],[25.15,-2.3],[37,0.5],[50.4,-2.9],[59.8,-12.4],[63.2,-26.3],[59.8,-40.2],[50.4,-49.65]],"c":true},"ix":2},"nm":"b","mn":"ADBE Vector Shape - Group","hd":false},{"ind":1,"ty":"sh","ix":2,"ks":{"a":0,"k":{"i":[[3.666,0],[2.966,1.7],[1.7,3.134],[0,4],[-1.7,3.134],[-2.967,1.7],[-3.734,0],[-3,-1.7],[-1.7,-3.133],[0,-4],[1.7,-3.133],[3,-1.7]],"o":[[-3.734,0],[-2.967,-1.7],[-1.7,-3.133],[0,-4],[1.7,-3.133],[2.966,-1.7],[3.666,0],[3,1.7],[1.7,3.134],[0,4],[-1.7,3.134],[-3,1.7]],"v":[[36.5,-5.8],[26.45,-8.35],[19.45,-15.6],[16.9,-26.3],[19.45,-37],[26.45,-44.25],[36.5,-46.8],[46.5,-44.25],[53.55,-37],[56.1,-26.3],[53.55,-15.6],[46.5,-8.35]],"c":true},"ix":2},"nm":"b","mn":"ADBE Vector Shape - Group","hd":false}],"nm":"b","np":5,"cix":2,"bm":0,"ix":1,"mn":"ADBE Vector Group","hd":false}]},"fFamily":"Montserrat"},{"ch":"y","size":14,"style":"Regular","w":53.7,"data":{"shapes":[{"ty":"gr","it":[{"ind":0,"ty":"sh","ix":1,"ks":{"a":0,"k":{"i":[[0,0],[0,0],[0,0],[0,0],[0,0],[0,0],[1.7,-1.334],[2.4,0],[2.666,2.666],[0,0],[-2.2,-0.8],[-2.534,0],[-2.8,2.066],[-2.134,4.933],[0,0]],"o":[[0,0],[0,0],[0,0],[0,0],[0,0],[-1.467,3.2],[-1.7,1.333],[-3.734,0],[0,0],[1.6,1.6],[2.2,0.8],[3.933,0],[2.8,-2.067],[0,0],[0,0]],"v":[[47.1,-52.6],[27.3,-7.9],[7.5,-52.6],[0.1,-52.6],[23.6,-0.1],[21.3,5],[16.55,11.8],[10.4,13.8],[0.8,9.8],[-2.5,15.1],[3.2,18.7],[10.3,19.9],[20.4,16.8],[27.8,6.3],[54.1,-52.6]],"c":true},"ix":2},"nm":"y","mn":"ADBE Vector Shape - Group","hd":false}],"nm":"y","np":3,"cix":2,"bm":0,"ix":1,"mn":"ADBE Vector Group","hd":false}]},"fFamily":"Montserrat"}]}